Area_sqft,Bedrooms,Bathrooms,Floors,Age_of_House,Garage,HousePrice
3674,3,3,1,8,1,12230964.28046384
1360,2,2,1,22,1,4709806.79421264
1794,2,4,2,3,0,5959258.670308591
1630,3,3,1,27,1,3886783.387132717
1595,5,2,2,5,0,5414095.947527793
3592,2,1,1,29,1,10978100.104204735
2138,4,2,1,15,1,5994933.429907417
2669,2,1,1,1,1,8356355.066736916
966,5,2,2,22,0,3593746.2481293445
1738,5,3,1,17,0,5728682.959296887
830,4,1,1,9,1,2389915.299149887
1982,2,3,2,23,0,6002632.321541986
2635,5,3,2,23,0,8470178.465600599
3944,3,1,1,16,1,11981726.017108824
3671,1,1,2,12,0,11670142.444553448
3419,1,4,1,23,1,10524840.778420053
630,1,4,1,17,1,2396461.3326439154
2185,2,4,2,21,1,7135700.32349588
3880,4,3,2,12,0,11366658.648347069
1269,5,3,2,16,1,4161993.0176783395
2891,3,4,1,4,1,8866822.763240518
2015,3,3,2,10,0,6796922.99740354
3985,2,3,1,6,0,12376616.523352012
3353,1,1,2,28,0,9834893.768947205
2933,2,1,1,9,0,8238074.298278669
1715,4,3,2,16,1,4626545.833939729
1455,4,4,1,14,0,4770171.309972477
2824,5,2,2,17,0,8333393.66138327
1684,5,4,1,22,0,5605063.234048616
959,4,2,2,21,0,2185429.8674618867
3885,4,4,2,18,1,12751475.599104445
521,4,1,1,29,0,1874932.0449658374
2800,2,3,2,25,1,8539592.544988863
1247,4,3,1,1,0,4922529.468201366
3404,3,1,1,25,1,10716208.967110569
974,1,2,2,3,1,2904498.380691478
1582,4,2,1,2,0,5074788.1548891645
3058,1,2,2,6,1,8381862.850092627
2547,2,1,2,23,0,8143095.155274426
3247,1,2,1,17,1,9643024.16100414
1475,2,1,2,9,1,3606387.577380509
2306,3,4,1,6,1,6667080.715295505
689,2,4,1,7,0,2722456.024224705
3505,2,1,2,5,1,11531901.357518077
3234,5,3,2,21,0,9932212.759459043
3505,4,4,1,25,1,10223974.329003554
1062,4,2,1,0,1,2845625.155160449
2399,3,1,2,3,1,8184307.309070554
1767,3,2,2,13,1,5745733.889223614
3379,4,2,2,16,1,10211930.189677628
2028,5,3,2,19,1,6099864.10696223
3702,4,2,1,17,0,11581914.818866814
1146,5,3,2,10,0,4090159.2470356803
2568,3,4,1,28,0,7315707.793272027
3388,1,1,1,20,1,9572813.75454953
2714,3,2,2,25,0,7636048.652143253
1797,3,1,1,13,1,5306887.709762822
2935,2,2,2,8,0,8620107.273208622
1100,2,1,1,26,0,4019046.009084783
2863,2,2,2,14,1,8497109.688870281
2561,2,2,1,11,1,7218166.776025135
741,5,2,1,9,0,1896251.2795502362
2541,4,2,2,18,0,7691014.199479203
3324,1,2,2,23,0,9020937.93851058
3917,3,2,1,18,0,11800939.643068802
3112,5,2,1,5,1,9037895.249759218
3445,1,2,2,19,0,10914305.183370851
1863,5,2,1,23,1,5837281.174620973
2639,5,1,2,26,1,9127511.800766222
1890,3,3,1,5,0,5805899.710248895
3503,4,2,2,7,1,9273128.083014874
1978,2,3,1,0,0,6912840.600178102
3999,4,2,2,21,1,12437961.579238534
3056,3,2,2,16,1,9686453.939480336
1275,3,1,1,16,0,3383708.2051279754
534,3,4,2,23,1,1780575.9722023054
2753,1,4,1,14,1,8512230.43756783
3652,4,1,2,6,0,11077089.69119695
2455,4,3,2,18,1,6757818.587373263
2085,5,4,2,21,1,7959346.024129527
3959,5,1,1,24,0,12374914.618914112
3573,5,1,2,22,0,11059292.023510197
1521,3,4,1,27,1,5349942.81050699
3961,4,3,2,2,1,12625096.105519421
3113,3,1,1,29,1,8990398.55996015
1629,1,2,1,29,0,5381891.378908845
2000,5,3,1,28,1,6606108.003289008
1202,3,3,2,21,1,3466357.0913429707
2949,3,4,1,10,1,9542007.334142523
3277,1,4,2,19,1,9850714.98391196
2079,2,2,1,29,1,6321239.099899307
661,4,1,1,28,1,2332825.233456613
701,2,4,1,18,0,2897248.85065248
2481,5,4,1,8,0,7480002.007436473
1495,3,3,2,9,1,4967481.090326131
2817,1,4,1,1,1,9748863.113115598
1315,1,4,1,0,0,4096976.251986524
3842,4,4,2,29,0,11754278.388849791
955,2,4,1,15,0,4012115.237238994
1775,4,3,1,17,1,5883738.735974552
1516,3,2,1,22,1,3911009.860419442
2843,4,2,1,25,1,8251261.173922817
3267,1,1,2,16,1,10195789.60718272
837,1,4,2,5,0,2942502.4539452377
1378,5,3,1,13,0,4485289.933369409
1576,5,1,2,22,0,5938612.091583232
1291,3,1,2,24,0,3574256.4219208024
2764,2,2,1,14,1,8384793.088283982
1263,4,3,2,13,1,3117444.8952808823
2735,3,3,1,23,0,8855329.944400486
879,5,3,2,21,0,2457573.84946871
992,4,2,2,2,0,3824568.3844004646
3612,5,2,2,23,0,11472015.06571865
1680,4,2,1,22,0,6304549.62939389
2562,2,2,2,18,1,8130637.788265606
564,3,2,1,24,1,1593956.6878399455
3068,4,4,1,11,0,9710811.479998546
1867,1,4,2,1,0,5481373.576085706
1652,1,3,1,2,0,5295580.088754455
2527,4,1,2,17,1,7670548.747228814
3195,4,3,1,28,1,9679830.775164064
1995,4,1,1,0,1,5865816.756036218
3634,1,2,2,19,0,11052223.029881388
1662,1,1,2,20,1,5408115.012843034
2022,4,3,2,28,0,5339951.602664136
3140,5,3,2,5,1,9515703.673367431
891,5,1,1,4,1,3097023.584590135
2198,2,4,1,0,1,5770341.679393293
918,3,2,1,18,0,3704132.216856459
2836,5,2,2,0,0,8542444.592723472
878,1,3,1,26,1,2164956.240620786
2296,5,4,2,20,0,7054328.861871606
2778,2,1,1,20,0,8372686.4193991115
3565,2,2,2,15,0,10406763.551023832
2588,3,4,1,11,0,8484206.832994463
3599,5,2,1,26,0,11096853.269720612
2682,1,4,2,28,0,7617379.053197322
700,1,4,1,21,0,1868797.4415388142
2363,4,3,2,7,1,6700615.15180484
1279,1,2,1,25,0,3120329.552232582
3477,3,1,1,15,0,10694799.16410618
3604,3,3,2,27,1,10518567.721965086
3619,1,3,2,0,1,12049142.226524547
1002,1,1,1,3,1,3191461.6001545712
2954,4,3,1,9,1,8505588.287448002
2251,1,4,1,10,0,6321326.356966219
1304,4,4,1,16,1,4728484.847340714
2646,4,2,1,24,1,8029743.198695463
3231,1,2,1,26,0,10088997.413278818
2395,2,1,2,22,0,6981756.009960967
3273,2,2,2,6,0,9718883.953748245
2070,4,4,2,11,1,7139723.685517193
1460,1,1,1,20,0,3870711.3114857036
3160,2,1,1,6,1,9894527.066685181
1985,1,2,1,11,0,5899108.194799316
3190,1,4,2,14,0,10139361.706687888
1528,1,1,2,1,1,5693241.9937679
3789,5,4,1,13,0,11480911.158399496
1002,1,4,1,12,0,2852428.930601772
3314,5,4,2,3,0,10714904.194518678
897,4,2,2,13,0,2359998.202398466
1370,2,3,2,13,0,5068232.728925018
3342,2,3,1,15,1,10909011.275028236
892,2,1,1,6,1,2346440.180419785
706,2,4,1,18,0,1436437.590296547
1538,2,2,2,1,1,4323711.423571891
2381,2,4,2,9,1,6860315.180020441
3439,2,4,1,17,1,10897880.282177487
1984,4,2,1,28,0,6756585.157889701
1363,1,3,2,16,0,4554063.106309412
3290,3,4,1,4,0,10051903.89169177
3812,5,4,2,11,1,12027249.233455207
1063,3,3,2,5,1,3094110.9835974826
1520,3,2,1,21,0,5158604.022782116
595,1,1,2,8,0,2071014.4699912663
2423,1,3,1,19,1,7725598.891008232
2257,1,1,2,0,1,6617232.149070112
3032,2,1,2,21,0,9001701.406565677
3978,4,3,1,14,1,12566536.569990601
2778,2,4,2,20,1,9235756.449761808
3296,4,1,1,25,1,9663950.120275708
2178,4,1,1,5,1,7204225.95358541
3742,3,2,2,18,1,11039964.101694858
1040,3,4,1,17,1,4408596.886413304
1559,4,1,1,5,1,4749587.645863735
3072,4,2,1,12,0,9727752.587026056
1683,2,4,1,0,0,5421804.807616816
2222,2,3,1,22,1,8058651.560680247
3814,3,3,1,22,1,11696950.804012282
3657,1,2,2,25,1,10713471.988504935
2319,4,3,1,12,0,7506753.256306532
3125,2,1,2,6,0,9823620.433387686
3229,3,4,2,14,1,9898265.06812053
3104,2,1,1,11,0,8824617.067885946
2097,4,1,2,26,1,6127000.569304822
3560,4,3,2,25,1,11310749.47407246
3193,5,1,1,0,1,9085275.52688302
1295,1,3,1,14,1,3880977.0503071435
1551,5,4,1,3,1,5620431.9609083915
2143,3,4,2,12,1,6692251.890499976
1863,2,1,2,22,1,6715855.069776371
2481,3,2,1,26,0,6570674.8798506735
1854,4,3,1,24,1,5251316.065540283
2163,5,3,2,4,0,5721683.098873606
2029,5,1,2,28,1,7213845.28337265
2538,5,3,2,1,1,7621506.424624185
3919,3,3,2,22,0,10873539.344135834
1996,4,2,1,25,0,5742040.342787283
3802,2,2,2,0,1,11009595.445905766
2737,2,1,2,15,0,7958607.554847298
3796,3,2,2,22,1,11538614.625472452
1908,5,1,2,5,1,6486460.5520235505
1900,1,4,1,22,0,5632665.529944531
1806,3,1,1,15,0,5500645.349667338
3180,3,4,2,13,0,9489202.388464935
3175,4,1,2,28,0,8789150.88637517
1472,2,3,1,25,1,3552729.8785170494
2268,3,2,1,2,0,6861757.109831819
1782,3,4,2,14,0,5618319.889271607
3930,5,1,2,2,0,11900692.739386875
1209,5,2,1,22,0,2862336.503569329
1979,1,1,1,28,0,5877700.0466340855
1934,4,2,1,1,1,6976652.441452157
1148,1,2,1,0,1,3606676.7432444263
817,5,1,1,8,0,2401234.711211959
3796,2,4,1,8,0,11567752.979878241
1757,5,4,2,22,1,5028810.07771844
1183,4,3,1,6,0,3254550.435351926
1163,5,2,1,2,1,4114707.0440473184
2498,4,3,1,25,1,8149160.764516166
3945,4,3,1,17,0,11941450.82390279
2131,4,1,2,10,1,5666117.476192117
1995,4,1,2,6,0,6401674.463267875
3804,4,1,1,8,0,12635691.085168725
1636,2,2,2,0,1,5086050.918275857
2353,1,1,2,28,1,6900077.112298288
2020,3,1,2,13,0,5743683.23494303
2989,1,2,2,19,1,9267676.998946706
1063,4,2,2,5,0,3143508.2677526935
1791,2,4,2,6,1,6203750.948834297
3957,5,1,1,9,1,11832209.726757422
3958,2,1,1,6,0,12154895.734059483
3684,4,1,1,25,0,11048827.87697022
2136,2,4,1,1,0,7465555.80965465
3499,2,1,1,29,1,10641739.693099024
3652,4,4,2,3,0,12039503.659562461
1198,2,3,1,20,0,3698311.750388583
2660,3,4,1,29,1,8004629.84974286
501,3,3,2,27,1,1603904.6152323876
1141,2,1,2,16,0,3077295.3993114037
2767,5,3,1,0,0,8966834.391851936
2089,4,4,2,9,0,6251820.829598256
1354,3,2,2,18,0,4228231.520758925
2259,5,3,2,14,1,7554600.983231956
3796,2,3,2,9,1,12429774.454888469
2932,5,1,1,18,0,9017430.041932495
3974,1,4,2,11,0,12512603.528033016
2161,3,3,1,23,0,6923943.875190407
1653,2,3,1,15,1,4927811.454589512
1576,4,3,2,8,0,6081901.727212088
2207,2,3,2,14,0,6472878.898560529
3277,4,2,2,29,1,9986497.313074782
2195,2,4,1,26,1,7402059.876699214
2233,5,1,2,27,0,7493729.121399412
1939,5,1,2,16,0,6014160.199017831
2794,5,2,2,13,1,9197208.373920314
1335,1,4,2,26,0,3903013.831778222
702,4,3,2,17,0,2071660.554850471
3755,5,2,1,25,1,10828605.46344078
622,1,4,2,1,1,2547940.68273964
900,4,3,2,3,1,3524610.4656342277
1266,2,2,2,17,0,3584055.3522221693
793,1,4,1,6,1,2753050.0169926174
2827,3,1,2,12,1,9996494.213935968
3431,1,1,1,14,0,10846341.150058683
697,1,4,1,24,0,1640258.0287105693
3529,4,1,2,22,1,11227781.139881695
2430,2,4,2,27,1,6951569.109374659
3299,3,3,2,21,0,8569390.844072657
2691,5,4,1,25,0,8252793.928366936
1108,5,3,1,0,1,4565600.7297964925
3772,1,2,1,10,1,12134723.98021847
1647,4,4,1,9,0,5429617.584546328
686,4,2,1,24,1,1917135.293375053
3897,5,1,1,4,0,12214224.841956323
3011,3,3,2,15,1,9138419.914844545
3920,2,4,2,10,0,11723172.154015345
2294,3,2,1,20,0,7473001.101152785
1159,2,3,2,5,1,3503982.1101447036
3311,5,3,2,8,1,10906618.278238038
3502,2,1,1,12,0,10259907.019018093
2455,4,1,1,23,1,8494245.977411445
2950,1,3,2,7,1,8249682.77985744
1869,1,3,1,13,1,5258615.334147716
2486,5,4,1,23,0,7590316.132904839
2034,4,3,2,0,1,5549978.048405969
646,3,4,1,16,1,892506.9286224172
3719,4,3,2,23,0,10319296.191544697
3411,1,1,2,4,1,10256955.394844497
2234,1,4,2,24,1,6658644.995057943
2343,4,2,2,1,0,7525499.740616433
988,4,1,2,24,0,2925499.2591118286
3476,1,4,1,27,1,10607758.232255425
2459,3,4,1,29,1,7261891.792780799
2163,5,2,1,23,0,6976407.87873584
3098,5,4,1,8,0,9951155.001586761
2885,4,3,2,3,1,8901653.69007124
3419,5,2,2,16,1,10813505.717336195
1140,1,1,1,16,1,3344677.0320256655
2302,1,1,2,20,0,6094837.042303448
3020,4,3,1,17,1,9752248.32069131
2469,4,1,1,15,0,7073591.976700786
2698,4,4,1,29,0,8640911.977570884
1938,3,4,2,7,0,6276013.386058512
3869,5,3,2,25,1,11804738.84549144
2134,4,1,2,10,1,5723503.302274457
762,2,1,2,20,1,3115872.778707222
2287,2,3,1,20,0,6729443.069322956
2691,1,2,2,17,1,8470281.793577792
2893,5,1,2,22,0,8752012.93831461
1123,4,2,2,28,0,3293282.3322188063
1516,2,1,1,23,0,4584403.919198494
1380,5,1,1,9,0,4383286.141720924
2549,1,1,2,12,0,7543503.604912106
3444,3,1,2,16,0,10394342.720693924
1827,5,4,2,17,1,6054532.3281358555
2801,5,2,2,9,0,8951909.588379147
952,3,2,1,15,1,3047678.606371965
3608,5,1,2,19,0,11294468.494907219
1683,1,1,2,4,1,5006965.097778456
3562,1,2,2,12,1,11928443.190498227
2556,3,4,1,17,1,8640794.30400389
3804,4,3,1,16,1,12043221.497415805
3670,2,3,2,8,0,10239209.753081474
2182,4,2,2,13,0,7059009.569427491
3363,5,1,2,16,0,10110681.458568973
2755,2,1,2,28,0,7695659.634295324
1654,3,4,2,3,1,5180951.974847591
903,3,3,1,17,1,2465082.63303529
2699,2,4,1,26,1,8440401.546879753
2601,1,3,1,19,0,8620997.031281615
3691,2,2,2,23,1,11556014.39585339
2196,5,3,1,23,0,8139262.620394792
1127,1,4,1,14,1,2764193.785212298
1086,3,4,1,10,1,3304982.6477654465
2148,2,4,2,11,1,6242487.403828844
1943,4,2,2,8,1,6763684.157179929
1945,4,3,1,12,1,6014724.821510731
603,5,3,2,14,0,2193758.098238627
753,4,4,1,26,1,2765842.7659865296
3798,2,3,1,14,0,10776605.57473163
3683,2,1,1,27,0,10638325.5183975
3057,4,1,1,4,0,9899632.976848958
1996,2,1,2,22,0,5693956.04974604
598,5,3,2,18,0,1187178.515465654
2700,1,2,2,25,0,7588868.556157876
2384,5,2,2,19,0,7208865.973197367
3461,5,2,1,25,0,10576380.259944715
2419,2,2,2,24,1,7281593.34502474
1377,1,1,1,25,1,3753891.079028513
837,2,1,2,25,0,2930656.7194242347
3369,3,4,2,13,0,10282469.531719046
3734,2,3,2,27,0,11316700.680998962
1456,2,3,1,16,1,4237522.011305784
2204,2,2,1,17,1,7466470.132120106
660,1,1,1,20,0,1704184.4473965697
2103,2,2,1,2,0,6536346.43329663
3348,1,4,2,1,1,10881499.72106344
897,4,3,1,0,1,3241021.1305299797
1800,3,3,1,9,0,5737544.848218741
1315,1,2,2,18,0,2968172.245301693
2027,4,4,2,16,0,6681317.500846942
2419,1,3,1,11,0,7374793.470106745
1915,1,4,2,0,1,6345782.551586275
1658,3,4,1,11,1,5355606.524184418
1718,5,2,2,16,0,5104421.221438564
900,5,1,1,23,0,3237153.5832747975
1139,1,2,1,2,0,3656063.305639958
3604,2,1,1,10,1,10297306.754478546
3235,4,4,1,16,0,10589258.57817308
959,2,1,1,22,0,2111760.217806264
1454,2,4,2,25,0,4882464.617125271
969,1,3,1,2,1,3890465.8859651033
3946,1,3,1,7,0,11414852.282018369
1545,1,3,1,19,1,4643619.1066310555
3297,1,2,1,3,0,9913025.876932912
2193,5,2,1,20,0,6653514.422409556
2585,1,4,2,21,0,8730119.177616531
2777,5,3,2,6,1,8213640.56354144
3936,5,2,1,13,0,11884716.477560502
1062,1,3,2,13,0,4037661.2494108756
2985,3,2,1,3,1,9083525.585830426
2299,4,1,2,15,1,6639110.142066752
3854,2,1,2,23,1,11723507.340884874
2574,5,3,1,28,0,8244820.270853507
725,4,4,2,21,1,2248579.5149258515
3848,3,2,2,29,0,11821184.195403773
1297,2,2,1,0,1,3472692.4529627184
2831,2,1,1,16,1,7902486.458290703
3426,5,1,2,24,1,10227956.859873686
1459,1,4,2,9,0,4852008.709995864
2004,3,4,2,21,0,6552748.990492543
952,5,4,1,15,0,2554991.9762709686
3567,3,3,2,15,0,11243210.35236629
1315,1,1,2,25,0,3928253.5202173903
1158,1,3,2,7,0,3194397.652774341
1046,5,1,1,28,0,2510905.823988501
1715,1,1,1,6,0,5319911.577452162
3620,4,2,1,27,0,11544781.612082724
516,2,1,1,5,1,1745761.2153889786
3743,5,1,2,15,1,11021539.575296883
1743,3,3,1,19,0,4404988.856460286
2705,4,1,2,15,0,9029745.423444305
3024,5,3,2,6,0,9962925.305159882
1569,1,4,2,8,0,5048038.424385801
3944,1,1,2,13,1,12650996.98363273
3065,1,1,1,10,1,9386959.549876798
2646,1,3,1,25,0,7622481.524691158
2268,3,4,1,25,1,7231566.122525105
1560,4,2,1,13,1,4505137.161866104
2827,2,4,1,6,0,8213176.09107341
3920,3,3,2,0,0,12475803.554803634
3044,3,4,1,25,0,9649879.38378204
801,2,3,1,24,0,1776130.8597562953
680,2,3,1,12,1,1611601.1587790719
1106,1,2,1,19,0,3065475.153183494
3670,3,1,2,2,1,10944347.583410168
1199,5,3,2,19,0,4075244.3815826843
1492,2,3,2,3,1,4810024.918882795
1639,2,2,2,28,0,5459453.128818302
690,4,3,2,25,0,2358628.8626169916
2800,5,1,1,10,1,8357711.585164161
1480,5,2,2,1,1,3934435.5690567773
3475,2,1,2,13,1,10644727.992138589
2506,1,1,2,11,0,6702835.944881861
1684,4,2,1,29,1,4803522.381539582
3827,5,3,1,16,1,11420136.610951662
3894,2,1,2,11,1,11577786.442558285
627,5,1,1,25,1,1352982.8700365713
2565,4,1,1,11,1,7552361.695945025
2316,4,1,2,0,1,7880952.289225901
2258,3,2,1,12,1,7545574.243787467
3113,2,2,1,13,1,10245249.887732986
1069,4,4,1,23,1,3432073.262871887
1846,3,4,2,29,0,5753609.564449123
2395,3,1,2,1,0,8005305.708846829
3233,5,3,2,11,1,9343669.52153144
1125,5,1,1,25,0,3847814.2533518504
3859,3,3,2,20,0,12358172.361697828
3401,5,1,1,27,1,9868519.836981189
2186,4,4,1,15,1,7549319.57280183
3509,1,4,1,3,1,11825858.040150791
654,4,3,2,7,1,2720923.3352554142
3037,3,1,2,1,1,9708252.184330061
1909,3,3,2,9,1,5467111.975435371
1284,4,4,2,8,0,4726601.964520462
3675,5,1,1,22,1,10672204.673681444
3964,5,1,2,14,0,12286870.401320182
745,3,3,1,12,1,2710547.5536655122
3747,2,2,2,22,1,9672873.494008735
3610,5,3,2,16,0,11302901.691767875
2000,4,4,2,29,1,7500737.393239244
2205,5,4,1,15,1,5919071.788864764
3306,4,4,1,27,0,10011054.002993433
1037,3,4,1,1,1,2527442.3116326905
2390,5,4,1,19,0,6972929.280597411
2341,4,2,1,19,1,6238111.572589848
1420,3,1,2,26,1,4389771.163498608
2955,2,3,1,13,0,9381802.401629798
1024,4,3,1,2,1,3666869.316384546
3375,2,4,1,22,0,9729908.765271215
2029,2,3,1,11,0,5922302.621702036
3450,1,4,2,7,0,10686136.343042819
535,5,2,1,1,1,1565538.0049305398
1184,4,2,2,3,1,3257602.445742179
519,2,1,2,13,0,1507436.4699490194
2868,1,2,2,15,1,8231645.8953637965
3059,3,2,1,18,1,9522778.958626822
899,4,1,2,1,1,3696348.7001584587
3201,2,3,1,11,0,11041791.701352881
1471,5,4,1,28,1,4802033.456069825
2406,1,4,1,13,0,7650986.081409768
3018,2,3,1,5,1,9014341.328352936
1666,5,1,1,12,1,4989311.612889227
1615,2,3,2,3,0,5737028.12327047
3925,4,2,2,21,1,11826836.099926611
1333,4,1,1,17,0,4135473.689302891
2323,4,1,2,11,1,7830487.835064167
3274,1,1,1,19,0,9617686.414056705
2482,4,4,2,26,1,8416210.218844075
1353,5,3,2,21,1,4625514.668025702
550,2,1,2,29,1,1847699.0854891075
1074,3,1,2,20,0,2947905.426466328
3761,5,1,2,18,0,11707562.997525053
1648,5,3,1,7,0,5059477.026066877
2697,4,4,1,6,1,8715704.428097852
2861,1,2,2,15,0,8572087.467119785
3117,2,4,1,18,0,9944404.785492059
3913,1,1,2,5,0,11823114.413601622
2852,2,4,1,19,0,9674928.77511835
2215,2,4,2,26,0,6567226.510802137
1181,1,2,2,20,0,3265712.618988245
1337,5,3,2,10,0,4514056.893400627
1577,2,3,1,4,0,5479935.527913736
3550,1,4,1,15,0,11275049.242413636
2991,2,4,2,6,0,9316390.722201249
3160,3,3,2,26,1,9779544.580402393
3540,5,3,1,4,1,11210269.028686212
2811,4,2,1,10,0,8104063.593185937
3624,2,1,1,14,1,11474036.72088305
2095,3,4,1,2,1,6036071.783939666
3551,4,3,1,25,0,10215000.662107604
504,4,4,2,4,0,1919513.5422607325
1626,2,4,1,22,0,4788070.13292723
1719,1,3,2,20,1,5645078.699687725
1273,2,2,2,4,0,4242676.33633509
1376,3,4,1,8,1,4517100.693535347
1491,4,2,1,14,0,4080233.002013975
3431,2,3,2,2,1,10626280.0524317
3921,1,1,1,28,1,11636744.265439292
546,2,1,2,5,0,1899093.368451085
3414,5,4,1,16,0,10306980.997286182
3370,1,3,1,25,1,10381408.768996771
3483,3,2,1,20,1,10395719.481146567
3203,4,4,2,7,0,10173556.732564555
768,2,3,1,20,0,2752023.787042876
869,1,3,2,24,1,2389702.250673813
1135,5,2,1,10,0,3278920.7649092576
1629,1,4,2,5,1,5405183.07823467
2193,5,3,1,7,0,6248450.159642785
2182,3,3,2,9,0,7341832.377446031
1156,4,3,2,23,0,3623481.3085584873
619,3,2,2,28,1,1869620.7990508175
1330,2,4,2,2,0,4563007.959175613
2310,1,4,2,22,1,7281977.260211049
1581,5,4,2,13,0,5086259.037489453
2474,5,4,1,22,1,8141308.205300957
1869,1,1,2,13,1,5350805.847324874
1240,1,1,2,9,0,4136178.2466468127
616,2,4,2,11,1,1578688.2641654625
2353,3,2,1,5,1,7584324.495532567
3338,5,1,1,11,1,10120063.351766521
1650,2,3,1,22,1,4384456.968815405
3964,3,1,2,13,0,12140321.408572186
2431,2,3,1,1,0,7515786.753424635
1512,5,4,1,8,0,4124637.2452589357
2164,1,1,2,9,1,5555167.228720134
1581,1,2,2,25,1,4666868.083291252
1133,3,1,1,16,0,4268112.9803509135
1012,4,1,2,16,0,3336507.5041029556
3349,3,1,2,2,1,10002848.381642777
1619,4,4,2,29,0,5527934.757843928
1641,2,2,2,18,0,5436611.8089372795
1059,2,1,1,0,1,4042789.538994693
987,5,2,2,11,0,3582948.8821713533
3808,4,4,1,6,1,12256951.161555603
1396,5,3,1,3,0,4923554.2655062815
3843,1,1,1,9,1,11380247.526291786
1712,4,2,1,12,1,4567359.630298203
1203,3,2,2,1,1,3688432.3021034743
1970,1,4,2,9,1,6702468.488500677
1080,1,1,2,20,1,3059494.5819527144
3337,3,3,1,21,0,10028270.474446323
3408,1,2,1,24,0,9561107.533426778
2794,4,1,1,3,0,8346455.213920388
3647,5,3,2,17,1,11256455.416608287
653,1,2,1,4,0,2325281.0889293766
2179,4,2,2,18,1,6527669.516412167
1496,2,3,2,1,1,4553731.287191151
3657,4,3,2,11,0,11662087.782574434
3244,5,4,2,16,1,10264633.263219113
3856,4,1,1,9,0,11972336.232596075
1743,3,1,2,1,1,6293160.293034186
1592,5,4,1,5,1,4973462.805794821
3618,2,2,2,7,0,10999490.414759183
1508,3,3,1,28,1,4879579.887211573
2641,4,3,1,18,0,7657246.319170993
2273,5,3,2,10,1,7323524.869126059
1457,2,2,2,24,0,4382098.24862955
3559,3,3,2,11,1,12345649.705784561
952,2,3,1,8,0,3075934.7508325367
1727,4,4,2,1,0,6169469.882782166
3459,2,2,2,7,1,11021971.606923422
2765,1,1,1,25,0,7586719.198429506
3021,3,4,2,10,1,8618588.08101965
2979,2,4,1,27,1,9140507.302683147
2888,4,1,2,20,0,9392667.331073478
1050,4,4,1,3,0,3653957.4097815873
2135,2,2,1,9,0,6564425.9020085875
1812,4,3,2,20,0,5473956.673525375
3825,5,2,1,19,0,10983019.376701798
2257,5,1,2,15,1,6550739.641205494
856,5,1,2,7,0,2036843.1555801511
2570,1,4,1,3,1,7428476.700443374
2285,2,2,2,28,0,6551995.881285325
3069,1,2,1,9,0,9665008.010758493
2281,4,1,1,11,0,6780466.3696022015
3671,1,2,1,28,1,11080812.89277486
3349,4,1,1,13,0,10254614.605588341
3751,4,2,1,15,1,11722524.417741487
3794,3,2,1,21,1,10974592.53424137
3309,5,2,1,17,1,10706596.857561775
2989,4,1,1,20,0,8333411.507523203
2131,3,4,2,21,1,6389093.398806697
3316,5,2,2,20,0,10127547.29611171
1515,4,1,1,11,1,5145072.424074873
1848,4,1,2,17,0,6363654.667775377
1015,1,2,2,29,1,3389015.760064195
3587,1,2,2,6,0,11598958.178727929
3339,5,4,2,19,0,9882412.035246348
835,4,1,2,23,0,3170185.2400356047
2282,2,1,2,22,1,7395328.36495665
2805,1,3,1,6,1,7416862.471487168
996,5,1,2,8,0,3147767.878052862
1395,4,4,2,0,1,4966018.7116908915
2707,4,3,2,25,1,8053293.067277281
1351,2,3,2,5,1,3800087.4138518814
2187,5,3,1,5,1,8028087.608970937
2431,4,2,1,21,1,7508520.075485453
3237,1,2,1,28,1,9720202.71707703
2927,2,1,1,11,1,8246502.9425624665
2068,5,3,2,21,0,6117819.5021018805
1456,2,4,1,11,0,4099079.6853140485
3238,1,2,1,9,1,10383487.615069652
3998,5,4,1,22,0,12466316.810463026
2136,2,4,1,29,0,6122718.153596736
1791,3,2,2,25,0,5693250.119333107
1940,1,2,1,5,1,5863239.927129461
1691,1,2,2,16,1,5280245.35898927
1566,1,2,1,18,1,4852881.943592853
784,3,3,2,17,1,2782133.6052397992
2944,3,3,2,5,1,9321825.961698374
511,4,3,1,23,0,1863524.8255824544
2130,2,3,1,18,1,7147904.155242787
3873,4,1,1,9,0,12119281.376536762
3824,2,3,1,23,1,11383549.11863702
3046,3,2,2,7,0,9309023.627007412
1253,3,4,2,20,1,4604085.293998533
2582,4,3,1,23,1,7982211.227474107
3274,5,1,1,5,1,9964990.79132145
3396,4,2,2,20,1,10072430.828934982
589,2,4,1,24,1,2013519.0540831236
1275,4,4,2,29,1,3587571.598727212
3152,1,3,1,6,0,10238397.711917153
3517,2,4,2,23,1,10182090.82312146
2125,2,3,2,0,0,7394033.862759711
3569,5,3,2,26,1,10794384.842063775
917,3,2,2,17,0,2332631.323186172
614,2,2,2,23,0,1946587.8692826882
1116,3,1,1,27,0,2821480.420892855
3767,4,2,2,24,0,11418185.88051513
1325,1,2,1,19,0,3656228.2342003337
2149,5,3,2,11,0,7239536.633934545
2016,3,2,2,15,1,6316374.804968816
3646,2,3,1,9,0,10503749.583962733
912,3,3,1,26,1,2537481.729786997
3947,2,2,1,9,1,12373473.624796566
3991,3,1,1,13,0,12706546.051895238
1228,2,1,2,24,0,3621362.596266158
3848,4,4,1,19,1,11281801.719065549
3568,2,4,2,9,0,11461018.155425444
3308,2,2,1,9,0,10394281.837446688
1175,1,1,1,25,0,4048269.7921512746
3965,2,3,2,24,0,12080104.559210652
2392,1,4,2,10,0,7085701.542101554
3004,5,3,1,22,0,9450444.24269779
3467,1,4,2,1,0,10824164.611720791
2739,4,2,2,24,1,8089563.154076982
3286,1,1,2,19,0,9917319.291923704
1622,5,4,2,7,1,5228487.0555889765
2071,4,1,2,29,1,6654768.92249184
1477,3,3,2,22,1,4847003.455157718
1508,3,2,2,28,1,4068204.303359405
2643,1,1,2,6,0,7442788.710319504
2187,1,2,1,7,1,6666094.413213223
3210,5,1,2,0,1,10056409.642689658
3761,5,3,1,20,1,11923488.387045912
536,2,3,2,1,1,2194651.9552809447
3940,5,2,2,17,1,12829342.821606372
2048,2,3,2,14,0,6050403.2678622855
2826,4,4,2,0,0,8635856.965286396
2764,1,1,1,4,1,7952092.997177478
3414,4,3,1,1,0,10956703.55738754
1372,5,4,2,19,0,4406876.092007981
2321,4,2,1,2,1,6386198.241519177
1796,4,4,2,18,1,5789082.6888539465
2609,4,2,2,17,1,8189985.083908536
1095,5,2,1,28,0,3292826.5286260783
2403,4,1,1,21,1,7477327.426479209
1228,2,1,2,17,0,3103882.1503871395
1865,5,4,2,13,0,6755515.917050013
896,4,1,1,29,0,2858129.7130379616
1198,5,1,2,23,1,2887150.558460689
3590,3,1,1,7,0,10917051.450334946
2724,2,4,2,28,1,8475360.099826057
2135,4,3,2,29,1,5998533.962538475
895,3,1,1,11,1,3121815.139506719
2992,3,1,1,20,1,9896462.811504332
3804,5,4,1,9,1,11499815.469725236
575,3,3,2,22,0,2049219.347934972
764,2,1,2,19,0,2406299.2994960984
3002,2,2,2,16,0,9570144.99990619
2319,1,4,2,10,0,7072579.047687929
1217,2,1,1,1,0,3277641.6868190654
3282,3,1,2,25,1,10358091.123487353
3955,2,2,2,25,1,11411369.704639928
1350,5,2,2,3,0,5314430.6889464725
1890,1,4,1,0,0,6190384.6745075835
643,3,4,2,14,0,1859553.6316923173
1384,1,2,2,12,1,4836325.806253129
3640,3,4,1,7,1,11245405.482984558
3670,5,2,2,24,1,11109297.21950299
895,1,1,2,3,0,2464565.3119511176
3596,4,2,1,9,0,10068910.50023408
3495,3,2,2,18,0,10897196.285183413
3438,4,3,2,17,0,9709936.619091196
1992,1,2,2,4,1,5789352.834074311
3722,4,2,1,29,0,11402422.27692514
1667,4,3,2,18,0,4950661.799252243
3116,1,4,2,25,0,9446575.935395474
1562,5,3,1,22,1,4319152.343025173
2656,4,1,1,26,1,7863770.31343105
1565,4,3,2,21,0,4946692.852479094
1709,5,1,2,15,1,4911263.74203214
3482,4,4,2,0,1,11769181.73887096
2945,4,3,2,11,1,8846288.043559637
3794,4,3,1,23,1,12251208.394007953
1133,2,4,2,1,1,3685097.2276267665
1656,5,1,1,20,0,4303762.216959323
3734,4,3,1,24,0,10743549.595702173
1738,5,1,2,7,0,5582039.64446569
1232,3,3,2,17,1,4432387.876279212
734,3,2,1,24,1,3166888.5663126814
3205,4,3,1,15,1,9939109.364296647
1250,5,4,2,4,1,3651378.1262527094
3135,5,4,1,25,0,9734242.540272372
3580,5,1,2,29,0,10387392.663319923
3645,2,3,2,21,0,11201095.810597276
1453,3,1,1,12,0,3988262.7237972254
3039,5,1,1,18,0,8212214.881415093
3460,5,2,2,28,0,11148427.829809949
3824,2,2,1,2,1,11608791.634327369
3801,2,4,2,25,1,11557830.16690829
2042,5,1,2,7,0,6904350.687119761
1697,1,4,2,26,1,6100423.354665727
2176,5,3,1,25,0,7038040.326074478
1691,5,1,2,25,0,5224500.808101806
2717,2,1,2,11,1,8532436.43805662
1916,2,3,2,1,0,5870608.478356682
3493,5,3,2,10,0,10827057.18924482
3342,5,4,2,11,0,10458431.818929592
3181,5,4,2,27,1,9409687.371598434
1717,2,3,2,17,1,5331586.793438938
2040,5,4,2,12,1,6713550.926251965
2576,5,3,2,4,1,8436508.448787775
3736,4,1,2,21,0,11516661.891214658
1945,1,1,2,11,1,5265487.390962813
2886,3,2,1,1,1,9582629.471299829
2019,1,1,2,4,1,6800140.613726908
1888,4,3,2,6,0,5935925.795890605
2356,3,4,2,25,1,7475754.347552717
1865,5,2,1,25,1,5656723.116445746
999,4,4,2,23,0,3562978.8314057332
2180,5,3,1,11,0,6422864.076933315
1010,2,1,2,15,0,3751230.297645462
3898,4,2,2,22,0,12165103.805908978
716,2,3,1,7,1,2750716.8957844456
1824,4,2,2,29,0,5469473.561787091
1655,4,2,1,27,1,4358690.747533653
2327,2,1,1,8,1,7572967.350060385
3641,3,3,2,14,1,10483219.332548724
3823,1,4,2,4,1,12206986.330112273
3986,5,2,2,12,1,11901936.391583888
2310,4,2,2,4,0,6436475.672984698
2992,5,4,1,10,1,9376499.851856764
3423,2,3,1,9,1,11080400.275269203
1705,5,2,2,19,1,4892198.125790657
2714,2,2,1,12,0,9031517.312197413
590,5,2,1,8,1,2438370.2719153375
1213,1,3,2,20,1,3807379.7611829382
2381,1,3,1,13,0,6995187.871880444
538,1,4,1,17,1,1561051.3241025948
3697,1,3,2,14,1,11456083.614375444
672,1,3,1,9,0,2549020.4292595307
1152,1,1,2,23,1,3139251.891173956
1253,2,4,1,6,1,3645743.336357616
1743,4,2,2,7,1,5452086.590789067
1581,5,3,1,27,1,5629814.337928672
2183,1,2,1,2,1,6140555.829831766
3023,2,2,2,14,0,9740238.822371386
955,2,1,2,15,0,2936139.9157965663
1328,2,3,2,3,0,3407630.4284206927
1394,4,4,2,20,1,4231183.799217159
1884,5,3,1,5,1,6366834.036470137
2458,4,2,1,0,1,8644906.972520381
3572,3,4,1,3,0,10362313.638309216
2934,2,3,2,10,1,7632411.7619723715
2496,3,2,1,11,1,7043223.592271032
2895,1,2,1,25,1,9220207.753933253
689,1,1,2,28,0,1040129.14646579
1004,4,1,2,4,0,4020626.9454396935
1714,5,1,1,22,1,5909404.47388096
2031,3,2,2,28,1,6258518.121031379
3940,5,3,1,20,1,11766817.344826486
3980,4,1,1,15,0,12087630.312908571
1323,1,3,2,12,0,4384543.676070051
1428,5,1,1,12,0,4713238.232362649
1433,5,4,2,16,1,5538829.686635053
1640,1,4,2,26,0,4799948.775086751
633,3,1,1,6,1,1468578.5131885011
2605,1,2,1,7,1,7226359.646433937
1184,5,1,1,12,0,2913354.365970425
3219,3,1,2,22,1,9845139.461267803
2720,3,2,1,26,0,8042815.649638771
2352,1,4,2,15,1,7252327.301447136
1314,5,3,2,29,1,3873470.2295969087
1672,4,1,1,28,0,4450916.570638661
579,5,2,2,3,1,2464167.942313726
3433,2,1,1,7,1,9227468.050076874
3784,4,2,1,15,1,11171202.216123132
702,3,3,1,20,1,2659245.0799841955
3311,4,3,1,9,1,9802580.786648482
1752,3,4,1,24,1,5611837.709899249
2199,3,2,1,11,1,6406870.452231768
1750,4,2,1,11,1,5282077.563084857
2182,3,4,2,25,0,6953460.257902399
2055,3,4,1,4,0,5826075.841468434
3973,2,2,2,15,1,12441639.165038172
2594,5,4,2,0,1,8334960.246223884
1756,5,3,2,27,0,6056219.433689515
3876,2,1,1,8,1,11882074.98582337
2049,4,3,2,11,0,5882256.689760326
1666,1,4,2,4,0,6091997.210970618
3986,1,2,1,21,0,11415028.527598921
1896,1,2,1,19,1,5604421.957933029
3830,2,3,2,21,1,12098704.463480886
3203,2,2,1,27,1,8669036.11265818
970,3,4,1,23,0,3739834.4900569366
3518,1,3,1,2,0,10158557.853836844
1535,4,2,1,4,0,4647500.290081214
1853,4,1,2,1,1,6053428.952098838
3283,1,1,1,13,0,9818147.0719573
3331,1,4,1,1,0,10617588.029225226
1467,1,2,1,12,1,3700596.214514475
857,2,4,2,6,0,3194725.6768863588
3519,2,3,2,9,0,11150621.193886764
3979,2,1,1,12,1,12561612.914622946
1167,5,3,1,15,1,3016169.6140167946
872,4,2,2,25,0,1971532.3830854888
1531,4,4,1,13,1,4741812.175170744
1645,3,4,1,10,0,4494587.109348649
1871,2,4,2,9,1,5001016.050292748
3223,5,3,1,5,0,9826267.971389417
589,5,1,1,3,1,2234045.680728882
3245,4,3,2,20,0,11314489.76514733
3887,2,3,2,0,1,12275337.577022845
3749,3,2,1,6,1,12383134.99994991
1039,2,2,2,23,1,3164924.4568132116
3279,1,2,1,8,1,10256782.996433647
1368,2,1,1,7,1,4190931.1522336127
540,1,1,1,4,1,3101561.6083584446
1239,1,2,2,18,1,3444204.568235471
2446,3,2,2,9,0,7263012.8499334045
3049,4,1,1,10,0,9715270.343828103
3506,2,4,1,24,1,10731736.451819664
3716,1,1,2,14,1,11005918.998261442
1724,2,1,2,5,0,5802188.5743690785
1428,4,1,2,14,0,4423426.417634439
2536,4,2,1,4,1,7913901.636276306
3008,5,4,2,28,0,9329291.153764445
3279,4,1,2,18,0,9089939.65524383
3299,3,2,1,21,1,9210373.004105281
1424,1,3,1,18,1,4895447.806293404
3456,5,3,1,9,1,10399519.164541248
2081,3,1,2,11,0,6316524.325895152
3824,2,3,1,21,1,12378219.318061464
889,1,4,1,3,1,2893066.2720352076
2117,4,3,1,17,0,6425955.5929464195
3430,1,3,1,15,1,10848038.794747645
755,2,4,2,7,0,2215867.5417235703
1208,5,1,1,3,0,4515464.61464102
2338,5,1,2,24,0,7561778.95971824
2444,5,4,2,22,0,8497166.597654168
2997,4,4,2,11,0,8955828.4783614
509,3,4,1,1,0,2540487.3231012067
3371,3,3,2,3,1,10750046.053501964
1297,1,4,1,4,1,3488316.808162489
3813,4,2,1,2,1,10490911.787777672
3822,5,3,1,8,0,11386986.558952335
1376,5,1,2,28,1,4404173.903672877
1528,2,1,1,20,0,4772673.966303904
3690,2,1,1,17,1,11100459.467357468
1515,5,3,1,10,0,4819935.317038484
2324,5,2,2,2,1,7339003.249949905
873,4,4,2,29,0,3264608.566869179
3636,3,4,2,24,1,10379855.150858464
2693,2,1,1,22,0,8163144.928767139
723,3,1,2,1,1,2057624.3620684792
1762,4,3,1,8,0,5102729.467471283
2724,5,2,1,13,1,9050115.281953419
2302,3,4,2,3,1,6814368.461540028
1352,5,3,1,28,1,4166240.883050069
3853,5,4,2,8,0,12928249.200939497
562,1,1,1,12,0,2105038.4840408373
1740,3,4,2,17,0,5192514.843519811
3374,3,2,1,14,0,10055813.47079706
3342,5,2,1,27,0,9502398.550670853
1188,4,1,1,9,1,4454322.621133026
1984,1,2,1,15,0,6467675.903960533
2133,5,2,1,11,1,7052301.13693489
2652,2,3,2,19,1,8504416.47240457
3670,2,4,1,4,0,10872737.695301289
1010,1,1,2,1,1,2456043.7786320746
884,4,1,2,9,0,3142270.2126519047
904,5,1,2,0,0,3506278.9368106974
3370,3,1,1,6,0,11073523.341563482
1017,1,1,1,25,1,2880554.8968632855
975,4,2,1,16,0,2901624.3607098404
2500,3,3,2,15,0,7560369.8976652725
3256,2,1,1,26,0,10013371.912716445
2168,2,3,1,26,1,6412955.358662377
2393,3,3,2,23,0,7252880.45661833
3318,1,2,2,2,1,10599526.445619477
1960,2,1,2,13,1,5697081.922383132
3594,5,2,2,9,0,11777576.992710881
3544,3,1,2,21,1,11048544.503663288
3224,3,2,2,6,1,9033189.685329841
1213,2,3,1,25,0,3381322.9017358175
582,1,1,2,16,0,723828.2508969456
1668,5,4,1,29,0,5055660.3008566
3656,1,3,1,5,1,10928844.447939733
3649,4,4,1,22,0,11534427.379600095
3004,4,3,2,21,1,8801490.825522333
2401,2,2,1,3,1,7636867.500967245
2548,2,1,2,16,1,8028423.804734217
550,2,3,2,26,1,1858597.4261140071
1184,4,2,1,8,1,4412061.790886264
1216,1,1,2,3,0,4802144.425420938
1969,1,1,1,6,0,6022970.971349534
948,2,3,1,22,1,3136589.758445184
1380,5,1,2,1,1,4099861.523083945
987,1,3,1,16,0,2491238.2929883786
2323,4,1,1,23,0,7525914.825166364
2581,3,4,1,7,1,8523762.75305168
3919,3,2,2,22,1,11372190.062914368
2642,3,4,1,29,0,7321889.728745264
3643,5,3,2,14,0,10894631.597659705
2074,2,4,2,14,1,6391311.015282945
2701,4,3,1,7,0,8178436.795758378
749,5,1,1,15,0,2497257.4341661264
1173,4,1,2,18,1,4157531.2561863028
937,4,3,2,10,1,3382052.189377469
2665,2,4,1,1,1,8603060.498842062
1270,3,1,1,22,0,2584231.802795561
3877,2,2,2,23,1,10894048.489940459
767,5,1,2,16,0,2092771.5961769712
2484,5,2,2,27,1,7316303.175920247
1577,5,4,2,25,1,5430913.917469617
735,2,2,2,15,0,1855549.2842659343
888,4,2,1,24,0,3067463.830678684
3537,4,2,2,14,1,10478447.13059685
1262,1,2,2,12,1,3315557.856303592
2348,5,1,1,14,0,6646775.170478104
2948,4,2,1,26,1,10083133.24664461
1123,1,1,2,3,0,3085317.515745003
3314,4,2,2,15,0,10477493.60443017
3874,5,3,1,29,1,11012900.7851249
3466,3,4,2,11,0,11367464.502089368
3778,5,2,2,29,0,11608520.572531857
1752,2,3,1,3,0,5612989.434396444
3400,4,2,2,2,1,10786913.66157166
1077,4,2,1,21,0,3592999.8622226752
2622,2,2,1,16,1,8380533.62942244
934,2,3,1,21,1,2602451.290895486
2650,3,4,1,17,1,7851205.853113939
3993,4,3,2,24,0,12143611.939024033
1263,4,4,1,17,0,4351213.880209154
3285,3,2,2,22,1,9951672.261888755
3353,1,1,2,27,1,10385950.897899551
1829,3,2,2,16,0,5925918.3913509585
2645,5,4,2,11,1,8246508.369291987
3345,4,3,2,22,1,9381410.015109574
1858,2,2,1,20,0,5332236.027323044
3406,5,3,1,23,1,11319398.616904838
2982,4,3,1,3,0,9436029.82535285
946,3,3,1,11,0,2708224.934364954
2517,5,2,2,25,1,7876325.78880395
1831,4,3,1,22,0,5961322.034163901
748,1,3,2,21,0,1944467.1952741833
665,1,2,2,20,0,2602691.9470609482
3531,2,3,1,19,1,10960849.010581825
1858,4,2,1,14,1,5254045.61341383
1519,1,4,1,22,1,5065183.143271187
1041,3,4,1,27,0,2988193.3076011525
1258,4,4,2,15,0,3954434.7868471975
3677,3,3,2,4,1,10873015.651515944
2628,3,1,1,20,1,8279723.206344916
2680,1,1,2,14,0,7975567.386652289
1296,4,3,2,16,1,4504878.477250305
3447,5,1,2,17,1,10305508.805467214
637,1,2,1,4,1,1758298.3560649608
2731,1,1,2,12,1,7909781.464201124
3972,4,3,1,18,1,12344016.089771464
1853,4,3,1,29,0,5278825.087748632
3332,3,2,2,12,1,10124443.675636793
2375,4,4,2,17,1,7175786.506346834
3531,3,3,1,13,0,10983041.962448837
568,1,2,2,29,0,736348.7766978443
3093,2,1,2,3,0,9572516.43511167
2600,5,1,1,3,0,8955671.594547903
1973,1,2,1,19,1,6567013.054366849
704,4,2,1,19,1,1983673.439013264
2673,5,3,1,18,1,8546300.888082491
542,2,1,2,12,1,1916282.7364199525
2406,2,2,2,11,0,8082696.031581068
2658,3,1,1,6,0,6878942.538838616
1260,5,2,1,24,1,4516433.684467582
3754,3,1,1,11,1,11298241.163618064
3395,1,4,2,20,1,9943385.530274792
2642,5,3,1,3,1,7970098.985602687
2494,1,1,2,26,0,6722046.84189436
3945,3,4,1,1,1,11917940.796263032
2435,5,1,1,1,0,7075132.973034302
1399,3,1,1,4,0,4467108.58525366
859,5,4,2,22,0,3121968.8161641904
3447,3,1,2,9,0,10372713.29518082
2219,2,1,2,9,1,7576861.603128082
780,3,3,1,8,1,2345789.3572715307
3766,2,4,2,12,1,11403568.788801704
2387,3,4,2,6,1,7294529.678535788
3766,5,2,1,4,0,11917309.436957197
1166,5,1,1,25,0,3917786.7514259443
592,5,3,2,9,0,2363683.4419855485
1171,4,1,2,9,1,3720945.6730312654
2469,1,1,2,5,0,6836688.570461055
560,5,2,2,26,0,1650279.7095947466
3181,2,1,1,27,0,10182069.856950266
3622,5,3,1,18,0,11592618.943717493
3974,4,3,1,20,1,12279025.19834336
1528,2,2,2,7,0,4561773.971440778
1989,4,1,2,0,0,6260190.761332738
1103,2,3,1,27,1,3158997.880482143
1181,3,1,1,16,1,4259525.844041773
3081,1,1,2,6,1,8973516.500803292
1928,1,1,2,13,0,6265834.641148489
3385,4,2,1,20,0,10000398.714170616
3192,1,1,1,29,0,10066463.415180996
2780,4,3,1,20,0,8703387.961904004
1023,4,1,2,16,1,2894306.3000275656
2893,4,3,2,8,0,8824343.793248996
3617,1,1,2,16,0,11196820.303361664
3093,4,3,2,4,1,9429428.58821297
2468,1,3,2,25,1,7455068.242690603
1601,4,1,2,24,1,4666527.915425528
2253,5,1,1,29,0,7668558.574124273
2336,4,3,1,19,0,8133535.946475665
3644,2,4,2,28,0,11703561.976695862
3341,4,2,1,7,0,10200813.017433083
2796,3,4,2,5,0,8506623.676646516
2594,4,4,1,10,1,7742418.210242935
1644,2,1,2,18,1,5779860.645401553
2761,2,2,1,3,0,8928361.855350584
2786,1,4,1,17,0,8917380.44075367
1579,5,1,2,0,0,4962036.031559554
2897,4,4,2,12,0,8112051.257871046
606,1,4,1,13,0,1164021.1952296183
3378,5,1,1,23,1,10312817.031451255
547,4,1,2,0,1,1739662.8718168323
836,3,1,1,29,1,2179149.3528036843
1549,4,2,2,28,0,4879574.186864312
3351,2,4,2,10,0,10779829.914929746
1780,2,1,1,16,1,5059386.465701626
2555,3,3,2,3,1,7372195.157171911
1124,1,4,1,25,0,3023264.412261137
2390,5,3,1,11,1,6998018.018724034
1776,4,2,2,9,1,5934416.307962994
2215,2,1,1,5,0,6762945.62289504
3266,1,3,2,24,1,10788244.61411778
802,3,2,2,0,1,3123342.559819131
1138,2,1,2,6,1,4520928.068499083
555,3,3,1,25,0,1013062.3200461922
1225,4,3,2,26,1,2228570.601784192
1025,5,2,1,20,1,3416496.014217701
973,2,1,2,27,1,2970610.1204960537
527,2,1,2,15,0,1569607.2927260315
2625,4,3,2,23,0,8072898.362814822
3787,1,3,1,13,1,10928986.907634696
3957,5,3,1,22,0,12332589.348942226
864,2,1,2,19,1,3030096.620051169
3213,5,2,2,19,0,9239125.641498446
1025,2,2,1,5,0,3058181.789575354
3246,5,1,1,21,1,9762068.07543012
1835,3,4,1,24,1,5329594.54891986
1382,2,2,2,27,1,3595443.804933389
1530,5,3,1,4,0,4956252.495512712
1526,1,4,2,23,1,4808402.760332149
2146,3,4,1,20,0,6272908.945617853
1418,3,2,2,17,0,3828605.7011217712
3297,1,4,2,14,1,10286278.622520687
2910,5,4,2,5,0,8766339.762382172
2274,4,2,1,24,1,6797397.243200397
2031,1,2,1,28,0,5754961.68592089
3845,5,4,1,18,1,12477854.33208483
3353,1,3,2,0,0,9928284.76797319
3286,1,1,2,0,0,10870763.289504493
2406,2,4,1,12,1,7824150.969070753
3586,5,4,2,2,0,12118449.337894676
1715,4,3,2,9,1,5827319.414789837
2154,2,4,2,20,0,6471477.776148914
984,1,4,1,2,0,2713316.835423903
2575,1,1,2,8,0,7617294.304612863
1213,1,1,1,7,1,4492640.512611614
1562,5,1,1,2,1,5022030.6038275575
2476,5,2,1,24,1,7938459.693577554
1796,2,2,1,12,1,5641485.672532996
1754,4,1,1,5,1,5666830.5892546205
2633,2,1,2,12,0,8123079.841982457
625,3,2,1,22,0,2162670.743416226
3359,1,3,1,19,1,9739946.254454594
1036,1,4,1,19,0,3020547.8645469025
2692,1,4,2,11,0,8390656.66650817
3783,2,1,2,12,0,11510743.611250099
2572,2,3,2,1,0,7755397.6981938835
2103,1,2,2,20,1,6567300.457380553
3965,2,1,1,23,0,11449429.32172139
566,5,3,1,22,1,1326496.9155318653
732,5,3,2,15,1,2683492.883944572
2656,2,3,2,22,0,7428754.131239621
1669,1,2,2,5,1,5347062.001209818
2658,2,2,2,18,0,7056659.502200623
2775,2,4,1,20,0,8052506.0804216005
610,2,4,2,12,0,1866211.5434754423
1993,3,3,2,16,1,5405682.412691169
2581,5,3,2,22,1,7826663.863563414
1122,4,2,2,8,1,4278509.818976206
3940,4,4,2,16,0,11444845.636558222
3295,3,3,2,28,0,9762313.377239324
3142,2,4,2,1,0,10587322.3346861
2972,3,4,1,18,1,8605069.568494616
3160,3,3,1,18,0,10298611.675866935
2041,1,2,1,23,0,5913497.359977019
3239,5,3,1,6,1,10167956.042941457
1805,4,3,1,21,1,6260741.115704692
3891,2,4,1,9,1,11690451.030349491
2261,4,3,2,9,0,7388512.836701742
2475,4,2,2,26,0,7947298.553362793
2862,5,3,1,19,0,8470592.996378966
1376,4,2,2,8,1,4067284.916450602
2489,4,2,1,16,1,7562698.452175517
3948,3,4,2,26,1,11915342.32941938
1812,5,1,2,14,1,5166526.010454405
1960,1,1,2,1,0,5699199.750665984
3209,2,4,2,29,0,7923547.9215639215
2824,4,3,2,3,0,8654863.658352796
2233,2,4,2,18,0,7286197.090150659
2105,1,2,1,16,0,5481655.4326127255
2026,2,1,1,4,0,5976427.734228233
3171,1,4,2,6,0,10944166.403921612
3063,3,3,1,17,0,9307719.979333233
3921,4,4,2,20,1,12721397.183903985
3390,1,1,1,21,1,9634042.339154402
2897,2,4,2,26,0,8975409.202886112
2130,4,4,1,6,1,6188890.884979156
3370,3,1,2,16,0,10400532.307472141
1660,4,2,1,6,0,5651124.117379892
1258,1,2,2,3,1,4296487.922764838
3446,3,1,1,7,0,10315531.337134242
742,2,4,2,12,0,2563466.7830089456
3090,3,1,2,3,0,9632245.967704747
1563,3,2,2,5,0,5261994.827727576
728,5,3,1,24,0,2282116.5258967066
3095,3,4,1,4,0,10050569.400117617
1419,3,2,1,29,0,4944302.699648029
1746,4,4,2,11,1,5449066.2766475
505,2,1,1,3,1,1738219.8639709803
3893,4,3,2,23,0,11376592.608094145
967,4,1,1,28,1,3121128.661912134
2255,1,3,1,8,0,7058318.863890397
574,4,4,1,3,0,2110993.1925168512
503,5,4,1,18,0,1835699.8271506347
2370,5,1,2,23,0,8190913.194537094
1145,1,3,1,13,1,2121638.5979682617
617,2,3,1,4,1,1872671.5610202649
3428,2,4,2,17,1,10322138.16095396
2129,4,1,2,9,1,7385456.306477151
3051,4,3,1,24,0,9500644.40465929
2521,4,4,1,18,1,8082842.918069078
1446,2,2,2,11,0,5097928.095451563
3121,3,1,2,17,0,9353021.649098359
1964,5,2,2,16,1,6508163.267914115
693,3,1,1,29,0,1743617.0559233218
1346,3,4,1,23,1,3681346.837077269
3262,2,3,1,10,1,10893083.493651494
1915,3,3,2,2,1,6299515.864882065
3597,1,3,2,22,1,11183331.2974373
1958,4,1,2,16,1,5533912.657617333
2720,1,4,1,0,0,8655176.322930943
3871,5,2,2,14,1,12812116.37343592
2168,4,4,1,27,1,6545274.965807802
2873,3,2,2,8,0,8201100.2794106975
1933,5,1,1,14,1,6130988.096827055
1641,4,1,1,27,1,4465051.547394852
3383,3,2,2,23,0,9430100.65176449
2310,1,2,1,27,0,6452617.152629607
1223,4,2,2,28,1,3542701.1026119986
724,3,4,1,2,0,1998375.102724521
1031,1,2,2,21,1,3796233.39106928
612,5,1,2,26,0,2870805.0023197373
2687,5,1,1,18,1,8570044.008103715
1058,5,3,2,12,1,3736097.7460515304
2548,5,2,1,11,1,7882975.943644444
2637,2,4,2,19,0,7592833.592943468
1153,4,4,2,0,1,4740455.115536817
819,4,4,2,20,0,2645573.251454828
2073,2,3,2,16,1,6167707.263966749
2328,3,1,1,12,1,7651378.312001601
2417,3,4,2,0,1,7644207.905059793
638,5,1,2,9,1,2722647.1215457395
3392,1,3,1,14,1,10091125.646732228
2526,3,2,1,26,0,8086818.462726837
2806,1,2,1,26,0,8807883.608470682
1401,4,2,1,29,0,4885414.210995046
1189,1,4,1,6,1,3452287.5802032533
2539,4,2,1,27,1,7675480.281810505
509,2,4,2,21,0,2610885.0394681245
760,2,3,1,17,1,2296793.9604477743
2442,5,3,2,15,1,8071512.899016239
2173,3,4,1,13,1,7934282.508810961
2719,5,1,2,26,0,7322479.402066269
3445,4,2,2,27,0,10265222.181014212
2560,5,2,2,17,0,7900935.091945938
1691,1,2,1,26,0,4073560.670363052
2119,4,4,1,6,0,6459014.391009728
820,2,3,1,16,1,2124309.361472967
1842,3,2,1,28,1,5994842.734175422
2136,4,3,2,17,1,5811676.3224362
2876,4,2,1,11,1,9832661.310990274
3332,1,2,2,7,0,10460948.706628973
3324,3,4,2,21,0,9605089.20988648
2494,2,1,1,29,1,7935209.727435988
3458,4,4,1,1,0,11052489.836758755
2443,4,2,1,6,1,7619616.187604663
2538,1,2,2,3,1,7473271.558712067
3990,5,1,1,17,1,12453831.641003743
1618,2,3,2,27,1,4985460.182873964
2104,3,3,1,5,0,6217379.743867408
2865,4,2,2,26,1,8063372.452951914
735,4,3,1,8,0,2049705.4895814331
2469,2,2,1,26,1,7165351.072181388
833,5,1,2,8,1,3410243.642095737
2408,4,1,1,13,1,7854379.47487862
875,2,2,1,7,1,2599966.2328429623
1660,1,1,1,18,0,4714403.020153804
3135,5,4,1,2,1,10380676.13977585
2070,3,4,1,17,0,6513673.374712631
3060,4,1,1,4,1,9596707.37993715
1819,2,2,1,13,1,5245312.29725284
3891,1,2,2,27,1,11591290.571475927
3465,3,1,2,29,0,10357130.833609544
2355,2,3,1,3,1,7299404.126513145
1872,2,4,1,6,1,6273033.955927932
1372,3,3,1,19,1,4668676.919708025
1752,1,2,2,24,1,4806521.082650231
2817,1,2,2,27,1,8180892.742124561
2351,5,3,1,11,0,6999313.233389852
3345,4,1,2,1,0,11019262.883055108
1814,3,3,1,10,1,6828745.26488292
1224,3,3,1,13,1,3670189.3124315445
3736,3,4,1,21,0,11254452.377221558
2552,1,4,1,22,1,8157157.415598665
3398,4,3,2,15,0,10070394.460385138
3950,5,3,2,19,1,12582454.16379124
577,2,2,1,28,1,1710565.368468894
3981,2,4,2,5,0,11341130.148525018
3121,3,4,2,22,1,8922783.209814154
631,4,2,1,3,0,2004072.9663746043
1100,1,1,2,14,0,3921474.277395423
2272,4,4,1,23,0,6529732.700805511
1565,4,4,1,24,1,4637949.699346017
2636,1,1,1,0,0,8133562.113391299
2949,3,4,1,6,0,8292617.521969496
2843,4,4,2,24,1,8918276.640528824
2363,2,1,1,11,1,6437129.956950449
1818,1,1,2,9,1,5857592.104730893
1115,5,3,1,4,1,3360610.9588813027
3347,3,2,1,11,1,9779975.429892592
2969,1,2,2,17,1,9123398.312265897
2388,5,1,1,9,0,7790995.254750533
1546,5,1,2,5,1,5186129.928028594
1074,4,4,2,27,0,3475821.749925178
2690,4,3,1,11,1,8480901.104708616
1492,4,3,1,6,0,4957160.943880831
3212,1,1,1,17,0,9810018.098024253
2692,1,4,1,1,1,8168859.474966523
1748,3,4,1,9,1,5881251.47439037
3554,4,2,1,14,0,10432904.8874094
1002,5,2,2,29,1,3711696.6318106875
2497,2,4,2,11,1,8152221.824394241
1320,3,2,1,25,0,5060450.502292354
2651,1,1,2,16,0,8199924.225652785
3610,3,4,2,3,0,11624549.843273794
2470,3,2,1,6,1,6889730.855993698
697,3,3,1,29,1,2631848.3711528615
2169,3,4,2,8,1,7445228.011182132
3126,2,4,1,18,1,10300360.646694226
2938,4,3,2,27,0,8984233.17617075
1702,5,1,1,26,1,5055053.311945995
3101,3,3,2,22,0,8868242.61236169
1971,3,4,2,6,1,5783982.019066481
3586,3,1,2,22,1,10835196.662722142
2146,4,2,2,1,0,5892281.001398084
2192,1,2,1,5,1,6361890.69595935
1812,1,2,1,17,1,5530761.0253803255
2535,2,4,2,5,0,7908601.726355106
977,1,3,2,12,1,2616303.123314585
1754,3,1,1,25,0,4615068.344770681
1422,3,2,1,18,0,3803743.7718069917
919,3,1,2,29,0,2606573.920597565
2704,2,4,2,1,0,9486898.571541633
3097,3,2,2,11,1,10061169.543033635
1620,1,4,2,14,1,5157097.201942121
3568,4,3,2,13,1,11290945.382671852
3544,4,4,1,5,0,11479932.43694007
3982,5,4,2,17,1,12643809.325464495
1450,1,3,1,4,1,4415895.013286372
2836,3,1,1,17,1,8195205.896714231
1777,4,3,1,2,1,5658362.914637231
2743,1,3,2,2,0,8941120.833455961
3145,4,4,1,21,0,9479804.41227788
2357,3,1,1,21,1,6588662.185431175
1016,4,2,1,9,0,2406276.0036128387
2158,5,3,1,18,1,6693484.619160894
2365,5,1,2,2,1,6972178.878731079
3412,4,3,2,28,1,10177742.056811865
1641,1,3,1,11,0,5741116.264426661
3353,1,3,1,28,1,10012075.14437653
2432,1,3,2,15,0,7000769.612625611
3730,4,4,2,16,0,11604375.640495934
1314,1,1,2,6,1,5052477.333540125
2775,3,1,1,12,0,8364651.875796488
2400,5,1,2,23,0,6142236.848674014
2763,3,3,1,1,1,8964038.28826299
3495,1,4,1,3,0,10868215.030463418
2562,3,3,2,9,0,7971061.177747863
3728,1,3,1,6,1,11274411.370669516
3832,4,1,2,23,1,11222363.91255761
3728,3,3,1,16,0,12081487.111966928
2594,4,2,2,19,1,7072845.332645476
2871,4,3,1,5,1,8818519.45959413
3391,2,2,1,18,0,10036829.914207064
629,1,3,2,4,0,2503720.9011985967
3982,5,4,2,9,1,13003830.322691873
594,1,4,2,8,0,1858633.0949862537
3174,5,1,2,26,1,9768482.926134344
3302,1,3,1,12,1,10184993.40723862
2455,4,2,2,18,0,8051663.119704792
3863,3,2,2,20,0,12195365.223681532
1293,3,3,1,23,1,3739793.2277505347
2334,2,2,2,5,1,7470950.700718155
3854,5,4,2,3,1,12253625.896236433
2616,5,2,1,23,1,7980045.026575065
2183,5,1,2,26,0,6825890.86701608
510,4,4,2,2,1,2000093.8809381125
3825,5,4,2,2,0,12003945.299557243
2365,3,4,2,3,0,6756996.84414375
3419,4,3,2,24,1,9998019.313965686
3097,1,3,2,4,0,9889877.754786596
3705,5,4,1,7,0,10879706.06159044
1211,5,3,2,15,1,4208054.604597847
2570,1,2,1,21,0,7619287.009487274
1314,5,3,1,2,0,4837327.364664916
845,1,3,1,23,1,2889400.271048343
2849,4,4,1,11,1,8660360.414771583
862,3,1,2,24,1,2544375.8260642253
2943,1,1,2,7,1,7976231.092719957
2765,2,1,2,12,1,8369800.942403636
2688,1,2,1,3,1,7618925.628697905
3505,5,3,2,13,1,10765646.820995722
3781,4,1,2,13,0,11194040.883022064
1484,4,4,2,12,0,4313685.399055259
3540,1,1,1,26,1,11133862.256060107
2139,3,1,1,5,0,5948894.551496473
1327,2,3,2,16,0,3619467.443294077
3230,4,3,1,3,1,9720894.47830496
3551,5,3,1,7,0,10742440.970564704
855,5,2,2,16,1,2416610.744264228
3555,3,2,1,2,0,10725425.753846854
1847,4,1,1,16,1,5862077.1584094325
3704,1,3,2,8,0,11596929.379014483
3435,5,1,1,1,0,10925653.978705127
2363,3,4,1,24,0,6234898.710834468
626,4,4,1,12,1,2398097.9467557184
3677,4,3,1,19,0,11411949.246356564
3556,4,3,1,1,0,10676800.428144412
1103,4,4,1,19,1,4402842.10315357
3949,4,3,1,27,1,12530833.115907293
2428,5,2,1,10,0,7452487.808429478
1513,3,2,2,26,0,4271015.847365884
550,4,3,2,25,0,2605722.2304714797
3600,2,4,2,21,0,10900493.131070273
3867,2,1,2,14,1,11763518.528830204
3868,3,3,1,10,0,11840228.298562925
3326,1,3,2,22,0,11139552.235607991
1930,1,1,2,2,1,5871742.36794648
2292,1,3,1,2,0,7044179.011600591
3361,2,1,1,27,0,9567468.66850057
2136,1,4,1,25,0,6203250.27886818
3976,5,2,1,11,1,11722303.90285675
3917,4,4,1,23,1,11565633.37348344
2145,2,2,2,4,0,5730024.171096135
2967,3,1,1,19,0,9371762.285489384
1705,3,2,2,6,1,5483373.1687929565
3530,4,4,2,6,0,11069554.64614041
3372,2,2,1,12,0,10179780.846733566
3572,1,1,2,8,1,10881883.008758672
2354,1,2,2,24,1,7881569.535625218
1066,5,3,1,20,1,3073613.6040826296
2918,5,4,2,12,0,9243178.39913959
1435,1,3,2,11,0,4561495.571412505
2434,3,1,2,12,0,8002994.614197879
3208,3,2,1,23,0,9873327.406276876
3516,5,3,1,9,1,11162459.422413675
1832,4,3,1,0,0,5216865.214730072
3708,1,2,2,24,0,10669548.82414751
701,5,2,1,7,1,1869555.7979682037
2860,5,4,2,21,1,7662064.101255972
616,1,3,1,15,0,2096599.6680538189
1436,1,3,2,12,1,4347185.580045993
1074,3,1,1,2,1,3681535.8442898463
2791,4,4,1,2,0,8760744.64026775
1036,4,1,2,23,0,3298218.157601805
2125,1,3,1,4,0,7204057.705885851
2622,2,1,2,25,0,7819647.544637977
885,5,3,1,10,1,3349494.609051913
3781,5,3,1,29,1,11361878.156982962
974,1,1,2,6,0,3424394.060006129
917,2,1,2,20,0,2131181.1726401094
2894,3,2,2,23,1,7883221.899250023
3187,1,2,1,9,0,10684330.235832218
1438,1,2,2,9,0,5332152.076156622
1454,5,3,1,19,0,3599242.7517768107
1375,1,1,2,1,0,4246943.337011862
1262,1,4,2,2,1,4170958.171539321
1702,1,3,2,7,0,5627485.790984195
1705,5,4,2,10,1,6414604.448275616
1163,3,1,2,12,0,3088294.873990441
524,3,3,2,6,0,1338159.087242276
2490,1,4,1,12,1,7649414.411904393
1703,5,4,2,1,0,5087210.983057264
1209,3,2,1,5,1,2539931.6107447636
2379,3,2,2,8,0,7233379.967612554
1684,3,2,2,19,0,5580771.9535783455
2724,5,3,2,24,0,8351766.307230674
784,5,1,1,1,0,2974022.629574901
562,1,1,1,17,0,1876503.101977126
1502,4,2,2,15,1,4242507.187304016
1161,3,2,1,24,1,3597010.7721895278
3213,4,2,2,11,0,9106419.675480494
2703,5,4,2,6,0,8263044.669257398
1992,5,2,1,6,1,6361226.592225966
3620,5,4,1,16,1,11199423.666855963
1466,4,1,1,12,0,3902532.5615947144
1348,5,3,1,10,0,3799502.2568972236
1607,1,3,2,5,1,5206479.814828948
3932,5,3,1,28,0,12329696.71765165
1188,2,3,1,22,1,3550516.2532550516
647,4,4,2,26,0,1972486.6603733895
841,2,4,1,13,1,3208638.0000014612
3023,5,2,1,5,1,9052966.942986367
1586,1,4,1,5,0,5811514.783052059
2224,3,2,1,1,1,6309363.647675126
1883,5,2,2,21,0,6353248.165744397
3108,1,3,2,19,0,9633583.922076529
826,4,4,1,24,0,3833060.261197596
2292,2,4,1,14,0,6465415.3398089465
2259,2,2,2,27,1,5639988.570699515
3712,2,2,1,16,0,11810723.183647696
1489,4,1,1,28,0,3721333.2463401076
2762,1,1,1,7,0,8643888.246069044
2982,4,2,1,4,0,9807075.540313628
1451,2,1,1,16,1,4612880.382358876
1222,5,1,1,19,0,3912090.4432510966
3889,3,2,1,0,1,12187470.017403472
2579,4,2,1,21,1,8315710.946685672
3217,4,4,1,17,1,10224534.24238151
2832,1,2,2,14,0,7937708.096604423
3876,1,2,2,4,0,12690499.860924592
928,4,3,2,6,0,3129554.017438451
2000,2,4,1,17,0,6379170.793239752
785,3,4,1,5,1,3060494.508763431
3715,1,4,2,21,1,11842963.900940644
3995,2,3,1,20,0,12561053.411237318
3590,5,2,2,4,0,11185868.413223745
2565,1,4,1,29,0,7678733.242292395
1268,2,4,2,18,0,4148305.4914844483
3137,2,1,2,9,0,10071030.502976734
1894,3,4,2,14,0,5355689.157583558
3746,3,2,1,9,0,11730047.71112098
3557,5,2,2,26,1,10417838.697502
693,2,1,1,15,1,3084606.762500735
3049,2,4,1,11,1,9570657.08399224
1487,3,4,1,17,1,4482986.212674566
1636,1,4,1,22,0,5142358.300834448
2661,1,3,1,0,0,8187600.828843227
3793,4,4,1,15,0,11538906.518833786
2201,3,2,1,21,0,5748387.371796125
1446,4,2,2,5,0,4115903.4984111423
1330,3,3,2,2,1,4289773.450258743
2420,5,3,2,1,0,6835822.930159799
3835,2,4,1,27,1,11291411.851321189
3472,5,1,1,1,0,10476062.618606487
554,3,3,1,29,1,1342278.6866310341
1299,2,3,1,12,0,4413177.406832321
1277,1,4,2,8,1,3640915.340700931
1981,1,4,1,15,0,6077204.4060382815
2401,4,3,2,26,0,7146418.020504713
2709,3,1,1,4,0,8247601.368433933
3951,3,3,2,22,0,12766200.376325566
2634,1,4,1,27,1,8021843.175916587
554,5,4,2,20,0,2118516.445763144
2323,2,3,1,6,1,6836291.456393466
1701,5,1,2,12,0,5646074.838647818
3962,5,3,1,19,1,12447984.953423917
3920,1,3,2,23,0,12003804.333519356
3579,1,4,2,28,0,10122411.591058673
1332,1,1,1,26,1,3623376.3910159534
812,4,2,2,29,0,3202790.0317841456
3306,5,1,1,25,0,9644127.767156366
2358,3,3,1,12,1,8098994.012877315
2507,2,3,1,26,0,7237801.711474797
2506,4,3,2,25,1,7782108.077026411
2990,3,1,2,6,0,9066415.382871268
2290,5,4,1,9,1,6857597.358909168
827,1,3,1,14,1,2185795.510215158
3625,5,3,2,20,1,10812878.496755132
3308,2,1,2,26,1,9998032.140724787
3810,4,2,2,5,0,12165208.761997635
3800,4,2,1,4,0,11711578.326356998
3126,2,4,1,22,1,9491310.881727226
3622,3,4,1,27,0,11541189.027671149
3554,3,3,1,1,0,10972669.088483157
1787,4,1,1,20,0,5159568.197444326
3989,4,3,2,14,1,11768129.4606816
2643,1,4,1,25,0,8554223.641829308
1611,3,1,2,15,0,4768301.244918848
3649,2,1,2,18,1,10737713.102813065
1811,3,4,1,8,0,5360478.388213637
3691,1,2,2,28,1,11650095.277743865
3361,4,2,1,21,1,9956513.003365887
3038,4,1,2,28,1,9689231.378837546
951,1,3,1,25,0,2687796.0447952654
2023,2,2,1,18,0,5494809.834486539
664,4,3,2,6,1,2205754.1530900495
681,5,2,1,3,1,2416603.4327760297
3016,4,2,2,29,1,9100414.603614325
1409,5,3,1,2,1,4597008.148561932
3282,1,4,1,23,1,9755027.528414091
1322,1,2,1,28,1,3513495.0201486857
1443,4,2,2,19,0,4484368.781887096
2501,3,3,2,10,1,8063474.210363963
2554,5,4,1,0,1,7430702.119700144
829,2,2,2,5,1,3386531.1090261033
1274,4,2,1,25,0,2033689.0471553311
2698,2,4,2,10,0,8351624.2873831745
3656,4,2,2,26,0,11281043.467736712
646,3,4,1,0,0,1976323.595052488
3952,3,4,1,20,1,10993082.614514709
1414,3,3,1,6,0,4433637.949953976
2071,3,1,1,5,1,6527847.962301717
1808,1,4,1,13,1,5019640.6327119
3247,1,3,2,1,1,9605933.29470977
581,5,1,2,26,1,2374356.0480318917
1013,2,2,1,3,1,3337840.8798508877
2420,4,1,1,10,1,6735661.50536868
3362,4,4,1,14,0,10560914.958877565
3256,1,4,2,17,0,9402740.584010815
2439,4,4,1,26,0,7059618.783586676
1245,1,4,1,0,0,4073828.696340399
3570,5,4,2,2,0,11212245.013809567
1909,2,3,2,2,1,5845696.729420585
1206,5,4,2,27,0,3565895.3127090735
970,3,3,2,6,0,3054600.4806375275
3690,3,2,1,0,0,10939703.253463684
895,3,4,2,24,1,3419506.1258887714
2055,5,4,2,10,1,5810403.150495768
2808,4,1,1,5,1,8583560.702713337
1304,2,2,1,19,0,3202297.4633107255
1433,3,4,1,2,0,5087000.87363926
1779,3,4,2,18,0,5405844.833006512
2257,3,2,1,1,0,6492665.703559443
1404,2,3,2,17,0,4664523.8131308425
3797,3,4,2,29,1,10385034.66163053
1576,2,1,2,11,0,4958442.012569494
3487,3,4,1,28,1,11156644.594268873
2390,5,1,2,9,0,7519771.77893139
2023,5,1,1,4,1,6155744.776607959
3401,2,4,1,8,1,9851909.019095315
1887,5,4,1,1,1,6692257.317711254
1803,2,1,2,1,1,6122710.92882115
1092,5,2,2,27,0,3073319.0845544892
3261,5,2,2,5,0,9813681.243195236
3729,2,4,1,28,0,11790383.550113326
3179,4,3,2,9,1,10152806.573394272
2606,5,2,2,17,0,7144707.830144627
627,3,4,2,11,0,2043148.797648504
1235,4,2,2,3,0,3898721.776111085
3268,2,3,2,21,0,9997817.236314803
3686,4,4,1,20,1,11311023.007967653
3780,1,3,1,16,1,11183644.419113891
3073,1,4,1,14,0,9408179.826179938
1020,5,3,1,5,0,3186111.16857664
3099,5,2,2,15,0,11244093.51299003
736,3,2,1,16,1,2429363.950506768
1804,4,3,2,2,1,5824650.265435499
3930,1,3,1,9,1,12881403.779155781
3772,5,3,1,4,0,10993828.303277848
2281,4,4,1,13,1,7108013.562958259
1801,5,2,2,25,1,5128198.456497863
3806,5,4,2,28,1,11985505.028255044
3041,1,2,1,20,1,8895825.258910934
2551,1,1,2,12,1,8033046.867599874
3213,5,4,1,25,0,10083025.499217272
941,2,2,1,5,0,3373186.130995037
2576,5,2,1,11,0,8240259.396260979
3680,5,4,2,25,0,11147980.303072492
3157,3,4,1,7,1,9102173.646615507
1304,3,2,1,4,0,4636542.470506632
574,3,4,1,29,0,2476513.7123325784
3385,2,3,2,14,0,9826065.844354197
3717,2,4,1,26,1,11608938.680806344
2675,5,4,2,15,0,7759818.626207206
2589,3,4,1,0,1,8268716.0873809485
1879,2,2,2,15,1,5991710.243104165
540,1,3,1,4,1,1626890.113097663
3481,5,1,1,2,0,10790535.718446538
2581,4,1,2,19,1,8337101.585748608
3588,5,3,2,14,0,10999291.747374495
2200,4,3,1,12,0,6492431.247719901
3724,3,3,2,23,0,10660110.39361383
3545,4,2,1,15,1,10659617.816872794
1901,3,1,1,22,1,5175639.209395455
1087,1,3,1,10,0,3172307.98918028
2122,4,2,2,20,1,6333378.768285206
841,5,1,1,1,1,3295052.4849812603
2574,3,4,2,21,1,7978737.508105155
3858,5,2,1,26,0,12947629.844858596
1145,2,1,2,5,1,2638205.3817461827
1230,3,2,2,25,1,3946685.71585939
667,4,1,1,25,0,1795221.8572502444
1109,3,1,2,29,1,2868979.689757777
2815,5,4,1,26,0,8610115.252711914
2272,1,2,1,5,1,6933691.53381952
2540,3,3,1,13,1,8388906.408673016
3368,4,4,1,24,1,10359629.223401502
954,2,4,1,10,1,2765599.206140616
3453,1,1,2,7,1,10666105.281850161
2208,2,3,1,7,1,6749174.218144241
3972,3,2,2,0,0,11643260.727439646
3469,5,3,2,20,1,10572727.315243611
3528,5,3,1,6,1,11099471.038703345
1201,4,3,2,5,1,4029141.2151160734
3181,5,3,1,20,0,9908156.52731594
2099,1,3,2,7,0,6193757.395496404
629,5,1,2,18,0,2215805.9807169717
3567,4,1,2,21,1,10911057.906408709
2345,3,4,1,20,1,7299114.6918867715
1886,3,1,2,23,0,5694178.276413343
3366,5,4,1,19,0,11436046.605117982
1192,2,4,2,7,0,4381063.121900034
3863,3,2,2,25,1,11836695.878464317
1894,5,3,2,13,0,5581896.361575891
1293,4,1,2,17,1,3922833.750121768
528,5,2,1,24,1,2571894.0755741694
648,3,1,1,28,1,1662531.268583248
1819,4,4,2,15,0,5644135.183432267
2558,5,1,2,8,1,7893298.337192796
3223,1,3,1,14,0,9912943.638579259
1636,4,4,1,29,0,4789676.761357284
686,1,4,1,25,0,2136429.0040741274
3354,2,2,1,9,0,9974841.552674187
3291,4,3,2,28,1,10690255.349765865
1750,1,4,2,21,1,5026861.187783003
1833,3,3,1,15,1,6197822.422394218
597,3,1,1,3,1,1748432.0718381673
554,2,3,1,19,0,1295126.836059629
3170,4,4,1,12,0,9429603.626755038
3211,4,2,1,21,0,8877282.136482622
1257,4,4,1,4,0,4340299.2231921535
905,2,3,2,21,1,2263011.9452384477
2616,4,3,2,6,0,7989040.236203697
3883,3,4,2,22,1,12239810.79879938
1812,1,3,1,8,0,5920676.339872317
2285,3,1,1,7,0,6289170.542001368
1250,3,4,1,28,0,3965271.789965469
3719,1,2,2,15,0,11767246.991154129
2262,3,4,1,5,1,6817578.544905068
3815,2,1,1,27,1,11661786.664000915
3505,1,1,2,15,1,10003360.197102731
864,3,1,1,5,1,3014828.476618495
2526,5,1,2,13,0,7863635.680664829
981,3,1,2,20,0,3323573.4779127263
2748,2,2,1,0,1,8813573.043444352
653,4,3,2,24,1,1482258.195224424
2024,3,1,1,8,0,6280276.620372096
2620,4,1,2,24,0,8646456.822136935
3260,5,4,1,26,1,8927345.589108786
2843,3,2,2,23,1,9132463.056931032
1540,1,2,1,12,1,5520852.549814544
2164,4,3,2,25,0,5879682.239757599
1740,5,2,2,28,1,5054650.46442626
560,1,4,2,18,1,2088871.6609752658
1438,1,4,1,16,1,4010937.4420931796
2139,1,3,1,10,1,7259289.591822681
2589,1,4,2,27,1,8356448.132878035
524,3,1,1,27,0,829518.3802284409
1562,3,1,2,7,1,4554470.950034494
630,3,4,1,22,0,2394918.4109175107
1752,5,3,2,28,1,5831329.701373664
607,5,2,1,4,1,3310220.0176515193
671,5,3,2,9,1,1973058.8972752593
1958,2,2,2,6,0,6783608.919735995
601,5,4,2,9,0,1726043.0276182152
3413,3,4,2,3,0,10829160.466227936
3071,3,1,1,8,1,9859171.220779741
2822,2,2,2,26,1,7009049.953566784
2136,2,3,1,25,0,6863603.149041391
3615,5,4,1,13,0,11847284.845524693
3364,4,3,2,1,1,11069940.876736872
3504,2,1,1,24,0,11468669.40503884
1540,1,2,1,8,1,5242588.641752945
829,3,2,1,20,0,2278397.4493237427
2020,1,4,2,26,0,6689505.567207639
511,3,2,1,0,0,1496016.8597222923
1841,3,4,1,22,1,5744208.962472989
715,2,1,2,9,1,2730891.636700618
838,2,2,2,9,0,2888040.4120733547
2299,1,4,1,19,1,7682565.995925082
3208,3,3,2,24,1,11018337.347919384
3652,1,4,1,21,1,10477318.0290243
2250,4,2,1,28,1,6675831.9405951565
2008,1,1,1,2,0,6282189.181281155
2921,5,2,2,5,1,8931404.52834663
3523,1,2,1,28,1,10471146.86575105
1209,5,4,2,25,0,4234909.803137534
1723,5,3,2,5,1,5930454.165683383
3013,5,2,1,20,1,9382666.365152942
1612,4,3,2,1,1,5339865.251632115
1791,1,4,2,25,0,5281064.932753192
988,1,3,2,25,0,3646261.419723859
2061,4,4,2,17,1,7324694.418296499
546,3,1,2,22,1,2237407.0018042354
3859,2,3,1,1,0,11242311.706067022
1277,1,3,2,11,0,3819894.784982764
1539,2,1,1,21,0,4676832.979886442
1210,4,3,1,4,1,3529652.7360388828
900,3,1,1,19,1,2829541.852364464
2317,3,2,1,6,0,7162110.896267122
3528,3,4,1,23,1,11296069.087293616
3657,4,1,1,15,1,10901854.780160684
749,5,3,2,19,1,3128651.4441368477
890,5,1,2,0,1,2601315.9819153068
834,2,3,2,0,1,2433080.401169323
1128,5,2,1,16,1,3454318.8461340065
636,5,1,2,26,1,2081935.9433324041
3430,3,2,2,0,0,9371743.799298702
3235,3,4,2,20,0,10104648.782705469
2021,2,3,1,19,0,6977671.265872875
1326,1,3,2,12,0,4413634.783988677
1226,2,2,1,29,0,3492665.0365974186
2000,2,4,2,8,0,5697704.458865204
3141,4,1,1,14,0,8646488.882125493
3794,4,1,1,2,0,10810488.187642341
1489,2,3,1,13,0,4521580.062496562
2919,2,2,2,22,1,9890455.009225635
1434,2,2,2,10,1,3143463.3046842963
3542,5,1,1,23,0,11066108.944617532
901,4,4,2,21,1,2634142.2938070293
1966,2,4,1,11,1,5970252.520485829
1114,3,1,1,12,0,2973150.556727994
1796,3,1,2,25,0,4704280.604256548
1682,5,2,2,12,0,5378818.619336161
3723,5,4,2,0,1,11830401.743234834
3542,1,1,1,23,1,10910170.029359646
3167,1,1,1,9,0,8688378.146945905
2735,1,3,2,2,1,8911986.166739043
1621,5,1,1,23,1,5458903.777127592
630,5,1,2,27,1,2242246.8432157356
3352,5,4,1,3,0,10255519.191465769
1694,3,2,2,15,1,5436215.433594473
3483,5,4,2,7,1,10828775.471594838
3533,3,2,1,15,1,11253258.164992504
682,1,3,2,26,1,1892727.8510366085
3530,1,1,2,16,1,10694012.215038335
863,1,3,1,18,1,1799838.9975144295
538,2,2,2,21,1,1856649.8945951108
3044,2,4,1,14,0,8907222.77454763
1872,4,4,2,15,0,6142233.108680285
3529,4,3,1,14,1,11251212.447623918
1420,4,2,2,24,0,4055013.528952674
3968,2,3,2,1,1,12249594.15123386
3269,2,3,2,10,1,10134247.455676628
3732,4,1,2,0,1,11740031.86596666
515,4,3,1,14,0,2149928.912821958
992,5,1,1,25,1,3435505.5881817313
1949,4,1,1,18,1,5807054.846375934
1631,5,4,1,3,0,6102160.964577052
3441,3,1,1,10,0,10818993.7380604
810,2,1,1,4,1,3322572.1961260135
1238,4,4,1,2,0,4257353.36168596
3741,2,3,2,12,0,11585902.727639271
1045,2,2,2,9,1,3286404.4742977284
2961,2,2,2,10,1,8861112.760781152
750,3,2,2,17,1,2917669.0905521843
1258,1,3,1,1,0,4096295.312290708
2304,4,1,1,6,0,7056218.077243303
3712,1,2,1,8,0,10704687.5070643
1797,1,3,2,9,1,6368557.768854059
3987,1,1,1,17,0,11967312.717316285
2131,2,4,2,22,0,5879638.711390724
2414,5,2,1,6,1,7642711.232912262
3610,2,1,1,26,1,10699539.781099718
1313,2,2,1,6,1,4028026.7999274256
528,1,2,1,2,0,2012129.9009856828
1457,2,2,2,11,1,4461230.239284882
2532,1,1,2,6,0,7533250.473959754
976,5,3,1,16,0,3849202.368469429
817,4,1,2,25,1,1691216.5123690092
744,1,2,1,0,1,2426308.846052862
1247,5,1,1,4,1,4545425.930329407
1196,4,4,1,15,1,4201466.224446233
771,3,3,1,14,1,3043024.296638309
2271,1,1,2,1,0,7963785.939942002
1762,1,4,1,8,0,6295475.871945996
2924,3,3,1,6,0,8434232.643058563
765,3,4,2,3,1,1889648.2919462519
3473,1,3,1,19,0,10592426.203349257
1420,3,1,2,17,1,3722941.1592211896
3930,2,4,1,20,1,10976765.339902462
839,4,2,1,3,0,2955121.428930793
888,4,4,1,27,0,3067522.6627426166
3124,4,3,1,12,1,10517570.322774507
2550,2,1,1,0,0,8204215.534995211
1665,3,3,1,27,1,6044780.042984822
875,5,4,2,23,0,3042777.092667989
2533,3,4,1,2,0,7350864.880660322
2871,1,2,2,15,0,9064093.528085811
645,4,1,2,29,0,2612156.5497599104
2481,3,1,1,21,0,7648542.1989557855
792,5,4,2,3,1,3601275.23267787
931,1,1,1,24,0,2611374.6434819116
1204,2,2,2,22,0,3904949.558557662
3496,2,3,1,24,0,10410833.959329065
2498,5,1,2,15,1,8943521.795698551
3132,1,4,2,25,1,9896630.343163606
898,4,3,1,18,1,2365647.4345743963
3364,3,3,2,0,1,11408298.73423731
3915,1,2,1,4,1,11558410.120821306
1463,2,4,1,18,0,4505847.97978327
3711,5,1,1,21,0,11477150.39791283
2734,5,4,1,23,0,8686995.987421827
2541,3,3,1,10,1,8124861.111744199
2328,5,4,2,12,1,6827477.2473302735
2608,5,1,2,19,0,8227517.317581055
1438,1,1,2,4,1,5034322.968567851
3951,4,2,1,20,1,12558932.01499708
1209,3,1,2,3,1,3256093.7032739813
1306,1,1,2,3,0,3710173.559259486
1963,4,4,2,3,0,5756739.17689956
3890,1,4,2,3,1,12139906.496000225
1825,1,3,2,19,1,4799176.108776219
3915,5,2,1,20,1,11403628.613859266
510,4,4,1,17,1,1477432.5051743845
1585,3,1,2,17,0,3936604.943884639
2368,3,3,1,15,1,7300100.448070452
2773,4,4,1,8,0,7575752.380495952
3724,5,2,2,17,0,11634672.384771766
3111,2,2,2,21,0,9164489.180665564
1271,1,3,1,1,1,3751008.3963817786
2094,5,3,2,20,0,6281625.68921537
2107,4,3,1,3,0,6610806.953852309
1833,1,3,1,11,1,5945433.091371558
1384,3,3,2,6,1,5140548.636798559
3814,2,1,1,14,1,12038952.907607477
1889,3,1,1,6,0,6942844.161388308
3901,4,4,1,28,1,12210648.604688725
3678,1,2,2,21,0,11084157.551186966
725,4,1,2,25,0,1996484.0903341854
1324,1,1,2,20,1,3770100.5215287344
2765,5,1,2,16,0,8754519.01328296
1436,2,4,1,15,0,3948277.929110898
3300,5,3,2,27,0,10174488.069595968
3053,5,4,2,18,0,9439567.552098058
2806,4,2,2,8,1,8373951.471748856
2411,2,2,2,13,0,6817404.853516909
2296,1,2,1,16,1,8210358.75086592
553,1,2,1,4,0,1080714.4168908545
3618,3,1,1,1,0,11030120.717826692
1226,1,1,2,19,1,4309291.904078603
3236,4,4,2,15,0,10242528.43246414
2044,5,3,1,13,0,6165232.222022169
3670,5,2,2,13,0,10673926.43222733
1543,5,4,2,26,0,4903893.221629762
2413,2,1,1,0,0,6089242.375432559
2276,1,1,1,2,0,7012933.530197934
2096,4,3,2,25,1,6495413.29344727
2414,2,3,2,6,1,8057060.9642632995
2966,3,3,2,25,1,8466330.128457783
3237,4,4,1,14,0,9799264.300076967
1349,4,1,1,18,0,4355450.823418759
2609,4,1,1,19,0,8009783.879351781
3716,5,3,1,1,1,10926676.75154479
2763,4,2,2,18,0,8125249.134808059
502,1,3,1,8,1,2385955.780115697
659,4,4,1,18,0,2316663.1926455577
1280,5,3,2,26,0,3177941.9260113854
3691,4,3,2,4,0,11854616.073338669
1392,3,4,2,17,1,3636367.6369736097
2530,3,3,1,15,0,7586489.751193624
3660,5,1,2,3,1,11641638.27728824
2876,1,2,2,11,0,9314852.940009369
1079,1,3,1,28,0,1988037.8811696004
2433,2,4,1,6,1,7944795.053735349
1880,5,2,2,13,0,6330862.320025234
1790,4,4,1,22,0,5261492.265920935
2140,5,2,2,11,0,6745454.544717175
1451,2,2,2,2,0,3047014.1363293277
3894,5,3,1,4,1,10728009.842596045
3182,5,1,2,16,1,10350266.360004127
1487,2,3,1,25,0,4191552.3855070155
1718,1,4,1,9,0,5130893.884248931
1420,4,4,1,9,1,4737338.201847013
3285,2,2,2,10,0,9812033.894611564
1855,3,2,1,16,1,5495653.933231526
669,1,1,1,4,0,2284244.5309550245
1020,3,3,2,12,1,2582231.871160306
1986,1,4,2,9,1,6777958.825930296
539,4,2,2,8,1,1821874.9875628233
2060,4,1,2,16,1,5877170.749629564
3832,5,4,1,0,0,11365895.157738835
1918,3,2,1,3,0,6005325.943227662
1454,1,4,1,3,1,4478821.145110811
3797,4,1,2,17,1,10806579.96274062
1483,2,1,2,8,1,4328082.447310932
3695,4,4,1,29,1,10840400.498558592
1474,2,3,2,24,0,5092928.268260435
537,1,4,2,28,1,1726226.2074858712
2875,4,2,1,28,1,9499669.714185279
1774,4,3,1,17,1,5207012.887816371
1699,1,2,2,13,1,5071434.055627985
2125,4,4,2,24,1,6808276.612617857
1413,2,3,2,14,1,4741066.305287017
953,4,2,1,5,1,3539495.5362264826
536,3,4,1,23,0,1274095.223783262
3887,5,4,1,9,1,11641160.431504702
2211,2,3,1,28,1,6485289.864256412
3520,3,4,1,14,1,11560453.432042798
1295,1,1,2,28,0,3254658.408284232
1472,2,2,2,3,0,4362537.4969216725
1092,5,2,2,17,0,3860928.957211593
1637,5,4,1,17,1,5579177.13237441
3611,1,4,1,24,1,11170709.18390896
1824,1,1,1,16,1,5532421.790389651
2771,2,3,2,11,0,7950433.189225132
817,4,4,1,6,1,2495612.0355489324
2896,1,4,1,15,0,9341245.087964475
2662,4,4,2,10,0,8692818.66662787
3245,3,4,1,13,0,9277507.546112267
1846,5,2,2,2,0,6342728.814852411
2091,4,4,1,18,0,7137389.219382168
3611,5,2,1,17,1,11109915.394356836
2389,4,4,2,29,1,7570140.590339803
2587,3,3,2,9,0,8506742.592788104
2496,1,1,2,5,1,7300141.801918799
2272,3,3,2,12,1,8250798.90231074
1812,1,4,2,9,0,6227538.989323266
1785,1,4,2,17,0,5717014.073601731
715,5,4,1,25,1,2377746.077907644
3718,3,3,1,19,1,11571388.722306874
2883,4,4,2,25,1,8098858.750667778
3739,3,3,1,15,1,12468043.88395481
2639,5,2,2,24,0,8631445.786721176
2900,1,1,1,24,1,9372006.798401129
3118,5,1,2,5,0,9669378.581841847
3363,2,3,1,12,0,10038855.401960187
2204,2,2,1,3,1,6514846.398324862
3328,4,3,1,22,1,10580787.304423403
862,5,2,1,13,1,2619726.4601718644
3104,4,4,1,0,0,9608321.533407647
3916,4,2,2,27,0,12091199.563337624
2216,2,2,2,19,0,6368335.841581831
1693,4,2,2,4,0,5900973.381991595
855,2,1,1,7,1,2716129.461055073
690,1,2,2,11,0,1395940.340852014
2969,5,4,1,1,0,9001998.660615835
1199,4,4,1,11,1,4591092.724985132
2554,2,4,1,4,0,7443498.743318808
2680,3,2,2,21,0,8567038.743618809
1056,4,3,1,4,1,3598836.7183472863
1325,1,3,2,12,0,3999149.849135443
3308,1,4,2,8,0,11370297.075391637
